taxid	Superkingdom	Kingdom	Phylum	Class	Order	Family	Genus	Species
441960	Eukaryota	Fungi	Ascomycota	Eurotiomycetes	Eurotiales	Trichocomaceae	Talaromyces	Talaromyces marneffei
5855	Eukaryota	NA	Apicomplexa	Aconoidasida	Haemosporida	Plasmodiidae	Plasmodium	Plasmodium vivax
184922	Eukaryota	NA	NA	NA	NA	Hexamitidae	Giardia	Giardia intestinalis
185431	Eukaryota	NA	NA	NA	Kinetoplastida	Trypanosomatidae	Trypanosoma	Trypanosoma brucei
227086	Eukaryota	NA	NA	Chlorarachniophyceae	NA	NA	Bigelowiella	Bigelowiella natans
242507	Eukaryota	Fungi	Ascomycota	Sordariomycetes	Magnaporthales	Magnaporthaceae	Magnaporthe	Magnaporthe oryzae
28985	Eukaryota	Fungi	Ascomycota	Saccharomycetes	Saccharomycetales	Saccharomycetaceae	Kluyveromyces	Kluyveromyces lactis
284591	Eukaryota	Fungi	Ascomycota	Saccharomycetes	Saccharomycetales	Dipodascaceae	Yarrowia	Yarrowia lipolytica
5478	Eukaryota	Fungi	Ascomycota	Saccharomycetes	Saccharomycetales	Saccharomycetaceae	Nakaseomyces	[Candida] glabrata
3055	Eukaryota	Viridiplantae	Chlorophyta	Chlorophyceae	Chlamydomonadales	Chlamydomonadaceae	Chlamydomonas	Chlamydomonas reinhardtii
330879	Eukaryota	Fungi	Ascomycota	Eurotiomycetes	Eurotiales	Aspergillaceae	Aspergillus	Aspergillus fumigatus
344612	Eukaryota	Fungi	Ascomycota	Eurotiomycetes	Eurotiales	Aspergillaceae	Aspergillus	Aspergillus clavatus
347515	Eukaryota	NA	NA	NA	Kinetoplastida	Trypanosomatidae	Leishmania	Leishmania major
36329	Eukaryota	NA	Apicomplexa	Aconoidasida	Haemosporida	Plasmodiidae	Plasmodium	Plasmodium falciparum
412133	Eukaryota	NA	NA	NA	Trichomonadida	Trichomonadidae	Trichomonas	Trichomonas vaginalis
420245	Eukaryota	NA	NA	NA	Kinetoplastida	Trypanosomatidae	Leishmania	Leishmania braziliensis
425011	Eukaryota	Fungi	Ascomycota	Eurotiomycetes	Eurotiales	Aspergillaceae	Aspergillus	Aspergillus niger
431895	Eukaryota	NA	NA	NA	Choanoflagellida	Salpingoecidae	Monosiga	Monosiga brevicollis
435258	Eukaryota	NA	NA	NA	Kinetoplastida	Trypanosomatidae	Leishmania	Leishmania infantum
4896	Eukaryota	Fungi	Ascomycota	Schizosaccharomycetes	Schizosaccharomycetales	Schizosaccharomycetaceae	Schizosaccharomyces	Schizosaccharomyces pombe
55529	Eukaryota	NA	NA	NA	Pyrenomonadales	Geminigeraceae	Guillardia	Guillardia theta
441959	Eukaryota	Fungi	Ascomycota	Eurotiomycetes	Eurotiales	Trichocomaceae	Talaromyces	Talaromyces stipitatus
5874	Eukaryota	NA	Apicomplexa	Aconoidasida	NA	Theileriidae	Theileria	Theileria annulata
336963	Eukaryota	Fungi	Ascomycota	Eurotiomycetes	Onygenales	Onygenaceae	Uncinocarpus	Uncinocarpus reesii
306902	Eukaryota	Fungi	Ascomycota	Saccharomycetes	Saccharomycetales	Metschnikowiaceae	Clavispora	Clavispora lusitaniae
559298	Eukaryota	Fungi	Ascomycota	Eurotiomycetes	Onygenales	Ajellomycetaceae	Blastomyces	Blastomyces gilchristii
653667	Eukaryota	Fungi	Ascomycota	Schizosaccharomycetes	Schizosaccharomycetales	Schizosaccharomycetaceae	Schizosaccharomyces	Schizosaccharomyces cryophilus
352472	Eukaryota	NA	NA	NA	Dictyosteliales	Dictyosteliaceae	Dictyostelium	Dictyostelium discoideum
670386	Eukaryota	NA	NA	NA	Acytosteliales	Acytosteliaceae	Heterostelium	Heterostelium album
744533	Eukaryota	NA	NA	Heterolobosea	Schizopyrenida	Vahlkampfiidae	Naegleria	Naegleria gruberi
332952	Eukaryota	Fungi	Ascomycota	Eurotiomycetes	Eurotiales	Aspergillaceae	Aspergillus	Aspergillus flavus
294747	Eukaryota	Fungi	Ascomycota	Saccharomycetes	Saccharomycetales	Debaryomycetaceae	Candida	Candida tropicalis
5851	Eukaryota	NA	Apicomplexa	Aconoidasida	Haemosporida	Plasmodiidae	Plasmodium	Plasmodium knowlesi
423536	Eukaryota	NA	NA	NA	Perkinsida	Perkinsidae	Perkinsus	Perkinsus marinus
353151	Eukaryota	NA	Apicomplexa	Conoidasida	Eucoccidiorida	Cryptosporidiidae	Cryptosporidium	Cryptosporidium hominis
284592	Eukaryota	Fungi	Ascomycota	Saccharomycetes	Saccharomycetales	Debaryomycetaceae	Debaryomyces	Debaryomyces hansenii
441375	Eukaryota	NA	Apicomplexa	Conoidasida	Eucoccidiorida	Cryptosporidiidae	Cryptosporidium	Cryptosporidium muris
508771	Eukaryota	NA	Apicomplexa	Conoidasida	Eucoccidiorida	Sarcocystidae	Toxoplasma	Toxoplasma gondii
464988	Eukaryota	NA	NA	NA	Cryptomonadales	Hemiselmidaceae	Hemiselmis	Hemiselmis andersenii
4956	Eukaryota	Fungi	Ascomycota	Saccharomycetes	Saccharomycetales	Saccharomycetaceae	Zygosaccharomyces	Zygosaccharomyces rouxii
573826	Eukaryota	Fungi	Ascomycota	Saccharomycetes	Saccharomycetales	Debaryomycetaceae	Candida	Candida dubliniensis
644223	Eukaryota	Fungi	Ascomycota	Saccharomycetes	Saccharomycetales	Phaffomycetaceae	Komagataella	Komagataella phaffii
296587	Eukaryota	Viridiplantae	Chlorophyta	Mamiellophyceae	Mamiellales	Mamiellaceae	Micromonas	Micromonas commoda
284811	Eukaryota	Fungi	Ascomycota	Saccharomycetes	Saccharomycetales	Saccharomycetaceae	Eremothecium	Eremothecium gossypii
214684	Eukaryota	Fungi	Basidiomycota	Tremellomycetes	Tremellales	Cryptococcaceae	Cryptococcus	Cryptococcus neoformans
280699	Eukaryota	NA	NA	Bangiophyceae	Cyanidiales	Cyanidiaceae	Cyanidioschyzon	Cyanidioschyzon merolae
284813	Eukaryota	Fungi	Microsporidia	NA	NA	Unikaryonidae	Encephalitozoon	Encephalitozoon cuniculi
436017	Eukaryota	Viridiplantae	Chlorophyta	Mamiellophyceae	Mamiellales	Bathycoccaceae	Ostreococcus	Ostreococcus sp. 'lucimarinus'
412030	Eukaryota	NA	NA	Oligohymenophorea	Peniculida	Parameciidae	Paramecium	Paramecium tetraurelia
559295	Eukaryota	Fungi	Ascomycota	Saccharomycetes	Saccharomycetales	Saccharomycetaceae	Lachancea	Lachancea thermotolerans
461836	Eukaryota	NA	NA	NA	NA	Apusomonadidae	Thecamonas	Thecamonas trahens
403677	Eukaryota	NA	NA	Oomycetes	Peronosporales	Peronosporaceae	Phytophthora	Phytophthora infestans
655863	Eukaryota	Fungi	Ascomycota	Sordariomycetes	Ophiostomatales	Ophiostomataceae	Grosmannia	Grosmannia clavigera
578458	Eukaryota	Fungi	Basidiomycota	Agaricomycetes	Agaricales	Schizophyllaceae	Schizophyllum	Schizophyllum commune
306901	Eukaryota	Fungi	Ascomycota	Sordariomycetes	Sordariales	Chaetomiaceae	Chaetomium	Chaetomium globosum
3068	Eukaryota	Viridiplantae	Chlorophyta	Chlorophyceae	Chlamydomonadales	Volvocaceae	Volvox	Volvox carteri
332648	Eukaryota	Fungi	Ascomycota	Leotiomycetes	Helotiales	Sclerotiniaceae	Botrytis	Botrytis cinerea
486041	Eukaryota	Fungi	Basidiomycota	Agaricomycetes	Agaricales	Tricholomataceae	Laccaria	Laccaria bicolor
644352	Eukaryota	Fungi	Ascomycota	Sordariomycetes	Magnaporthales	Magnaporthaceae	Gaeumannomyces	Gaeumannomyces tritici
559292	Eukaryota	Fungi	Ascomycota	Saccharomycetes	Saccharomycetales	Saccharomycetaceae	Saccharomyces	Saccharomyces cerevisiae
876142	Eukaryota	Fungi	Microsporidia	NA	NA	Unikaryonidae	Encephalitozoon	Encephalitozoon intestinalis
321614	Eukaryota	Fungi	Ascomycota	Dothideomycetes	Pleosporales	Phaeosphaeriaceae	Parastagonospora	Parastagonospora nodorum
665079	Eukaryota	Fungi	Ascomycota	Leotiomycetes	Helotiales	Sclerotiniaceae	Sclerotinia	Sclerotinia sclerotiorum
554065	Eukaryota	Viridiplantae	Chlorophyta	Trebouxiophyceae	Chlorellales	Chlorellaceae	Chlorella	Chlorella variabilis
645133	Eukaryota	Fungi	Ascomycota	Sordariomycetes	Glomerellales	Glomerellaceae	Colletotrichum	Colletotrichum graminicola
227321	Eukaryota	Fungi	Ascomycota	Eurotiomycetes	Eurotiales	Aspergillaceae	Aspergillus	Aspergillus nidulans
235443	Eukaryota	Fungi	Basidiomycota	Tremellomycetes	Tremellales	Cryptococcaceae	Cryptococcus	Cryptococcus neoformans
246410	Eukaryota	Fungi	Ascomycota	Eurotiomycetes	Onygenales	NA	Coccidioides	Coccidioides immitis
283643	Eukaryota	Fungi	Basidiomycota	Tremellomycetes	Tremellales	Cryptococcaceae	Cryptococcus	Cryptococcus neoformans
296543	Eukaryota	NA	Bacillariophyta	Coscinodiscophyceae	Thalassiosirales	Thalassiosiraceae	Thalassiosira	Thalassiosira pseudonana
294746	Eukaryota	Fungi	Ascomycota	Saccharomycetes	Saccharomycetales	Debaryomycetaceae	Meyerozyma	Meyerozyma guilliermondii
334819	Eukaryota	Fungi	Ascomycota	Sordariomycetes	Hypocreales	Nectriaceae	Fusarium	Fusarium verticillioides
339724	Eukaryota	Fungi	Ascomycota	Eurotiomycetes	Onygenales	Ajellomycetaceae	Histoplasma	Histoplasma capsulatum
341663	Eukaryota	Fungi	Ascomycota	Eurotiomycetes	Eurotiales	Aspergillaceae	Aspergillus	Aspergillus terreus
331117	Eukaryota	Fungi	Ascomycota	Eurotiomycetes	Eurotiales	Aspergillaceae	Aspergillus	Aspergillus fischeri
379508	Eukaryota	Fungi	Ascomycota	Saccharomycetes	Saccharomycetales	Debaryomycetaceae	Lodderomyces	Lodderomyces elongisporus
67593	Eukaryota	NA	NA	Oomycetes	Peronosporales	Peronosporaceae	Phytophthora	Phytophthora sojae
402676	Eukaryota	Fungi	Ascomycota	Schizosaccharomycetes	Schizosaccharomycetales	Schizosaccharomycetaceae	Schizosaccharomyces	Schizosaccharomyces japonicus
418459	Eukaryota	Fungi	Basidiomycota	Pucciniomycetes	Pucciniales	Pucciniaceae	Puccinia	Puccinia graminis
426428	Eukaryota	Fungi	Ascomycota	Sordariomycetes	Hypocreales	Nectriaceae	Fusarium	Fusarium oxysporum
426418	Eukaryota	Fungi	Ascomycota	Dothideomycetes	Pleosporales	Pleosporaceae	Pyrenophora	Pyrenophora tritici-repentis
436907	Eukaryota	Fungi	Ascomycota	Saccharomycetes	Saccharomycetales	Saccharomycetaceae	Vanderwaltozyma	Vanderwaltozyma polyspora
483514	Eukaryota	Fungi	Ascomycota	Schizosaccharomycetes	Schizosaccharomycetales	Schizosaccharomycetaceae	Schizosaccharomyces	Schizosaccharomyces octosporus
498257	Eukaryota	Fungi	Ascomycota	Sordariomycetes	Glomerellales	Plectosphaerellaceae	Verticillium	Verticillium dahliae
502779	Eukaryota	Fungi	Ascomycota	Eurotiomycetes	Onygenales	NA	Paracoccidioides	Paracoccidioides lutzii
502780	Eukaryota	Fungi	Ascomycota	Eurotiomycetes	Onygenales	NA	Paracoccidioides	Paracoccidioides brasiliensis
526221	Eukaryota	Fungi	Ascomycota	Sordariomycetes	Glomerellales	Plectosphaerellaceae	Verticillium	Verticillium alfalfae
556484	Eukaryota	NA	Bacillariophyta	Bacillariophyceae	Naviculales	Phaeodactylaceae	Phaeodactylum	Phaeodactylum tricornutum
535722	Eukaryota	Fungi	Ascomycota	Eurotiomycetes	Onygenales	Arthrodermataceae	Nannizzia	Nannizzia gypsea
663331	Eukaryota	Fungi	Ascomycota	Eurotiomycetes	Onygenales	Arthrodermataceae	Trichophyton	Trichophyton benhamiae
554155	Eukaryota	Fungi	Ascomycota	Eurotiomycetes	Onygenales	Arthrodermataceae	Microsporum	Microsporum canis
564608	Eukaryota	Viridiplantae	Chlorophyta	Mamiellophyceae	Mamiellales	Mamiellaceae	Micromonas	Micromonas pusilla
595528	Eukaryota	NA	NA	Ichthyosporea	NA	NA	Capsaspora	Capsaspora owczarzaki
222929	Eukaryota	Fungi	Ascomycota	Eurotiomycetes	Onygenales	NA	Coccidioides	Coccidioides posadasii
660122	Eukaryota	Fungi	Ascomycota	Sordariomycetes	Hypocreales	Nectriaceae	Fusarium	[Nectria] haematococca
559305	Eukaryota	Fungi	Ascomycota	Eurotiomycetes	Onygenales	Arthrodermataceae	Trichophyton	Trichophyton rubrum
663202	Eukaryota	Fungi	Ascomycota	Eurotiomycetes	Onygenales	Arthrodermataceae	Trichophyton	Trichophyton verrucosum
695850	Eukaryota	NA	NA	Oomycetes	Saprolegniales	Saprolegniaceae	Saprolegnia	Saprolegnia parasitica
656061	Eukaryota	Fungi	Ascomycota	Pezizomycetes	Pezizales	Tuberaceae	Tuber	Tuber melanosporum
12968	Eukaryota	NA	NA	NA	NA	NA	Blastocystis	Blastocystis hominis
353152	Eukaryota	NA	Apicomplexa	Conoidasida	Eucoccidiorida	Cryptosporidiidae	Cryptosporidium	Cryptosporidium parvum
333668	Eukaryota	NA	Apicomplexa	Aconoidasida	NA	Theileriidae	Theileria	Theileria parva
484906	Eukaryota	NA	Apicomplexa	Aconoidasida	NA	Babesiidae	Babesia	Babesia bovis
412030	Eukaryota	NA	NA	Oligohymenophorea	Peniculida	Parameciidae	Paramecium	Paramecium tetraurelia
431241	Eukaryota	Fungi	Ascomycota	Sordariomycetes	Hypocreales	Hypocreaceae	Trichoderma	Trichoderma reesei
413071	Eukaryota	Fungi	Ascomycota	Sordariomycetes	Hypocreales	Hypocreaceae	Trichoderma	Trichoderma virens
452589	Eukaryota	Fungi	Ascomycota	Sordariomycetes	Hypocreales	Hypocreaceae	Trichoderma	Trichoderma atroviride
425265	Eukaryota	Fungi	Basidiomycota	Malasseziomycetes	Malasseziales	Malasseziaceae	Malassezia	Malassezia globosa
645134	Eukaryota	Fungi	Chytridiomycota	Chytridiomycetes	Spizellomycetales	Spizellomycetaceae	Spizellomyces	Spizellomyces punctatus
771870	Eukaryota	Fungi	Ascomycota	Sordariomycetes	Sordariales	Sordariaceae	Sordaria	Sordaria macrospora
240176	Eukaryota	Fungi	Basidiomycota	Agaricomycetes	Agaricales	Psathyrellaceae	Coprinopsis	Coprinopsis cinerea
367110	Eukaryota	Fungi	Ascomycota	Sordariomycetes	Sordariales	Sordariaceae	Neurospora	Neurospora crassa
237561	Eukaryota	Fungi	Ascomycota	Saccharomycetes	Saccharomycetales	Debaryomycetaceae	Candida	Candida albicans
510516	Eukaryota	Fungi	Ascomycota	Eurotiomycetes	Eurotiales	Aspergillaceae	Aspergillus	Aspergillus oryzae
367775	Eukaryota	Fungi	Basidiomycota	Tremellomycetes	Tremellales	Cryptococcaceae	Cryptococcus	Cryptococcus gattii VGI
44056	Eukaryota	NA	NA	Pelagophyceae	Pelagomonadales	NA	Aureococcus	Aureococcus anophagefferens
871575	Eukaryota	Fungi	Ascomycota	Saccharomycetes	Saccharomycetales	Pichiaceae	Ogataea	Ogataea parapolymorpha
655827	Eukaryota	Fungi	Ascomycota	Sordariomycetes	Hypocreales	Clavicipitaceae	Metarhizium	Metarhizium acridum
655844	Eukaryota	Fungi	Ascomycota	Sordariomycetes	Hypocreales	Clavicipitaceae	Metarhizium	Metarhizium robertsii
946362	Eukaryota	NA	NA	NA	Choanoflagellida	Salpingoecidae	Salpingoeca	Salpingoeca rosetta
312017	Eukaryota	NA	NA	Oligohymenophorea	Hymenostomatida	Tetrahymenidae	Tetrahymena	Tetrahymena thermophila
5786	Eukaryota	NA	NA	NA	Dictyosteliales	Dictyosteliaceae	Dictyostelium	Dictyostelium purpureum
948595	Eukaryota	Fungi	Microsporidia	NA	NA	Pleistophoridae	Vavraia	Vavraia culicis
2898	Eukaryota	NA	NA	NA	Cryptomonadales	Cryptomonadaceae	Cryptomonas	Cryptomonas paramecium
684364	Eukaryota	Fungi	Chytridiomycota	Chytridiomycetes	Rhizophydiales	NA	Batrachochytrium	Batrachochytrium dendrobatidis
261658	Eukaryota	NA	NA	NA	Acytosteliales	Cavenderiaceae	Cavenderia	Cavenderia fasciculata
747676	Eukaryota	Fungi	Basidiomycota	Pucciniomycetes	Pucciniales	Melampsoraceae	Melampsora	Melampsora larici-populina
572307	Eukaryota	NA	Apicomplexa	Conoidasida	Eucoccidiorida	Sarcocystidae	Neospora	Neospora caninum
294381	Eukaryota	NA	NA	NA	NA	Entamoebidae	Entamoeba	Entamoeba histolytica
353153	Eukaryota	NA	NA	NA	Kinetoplastida	Trypanosomatidae	Trypanosoma	Trypanosoma cruzi
370354	Eukaryota	NA	NA	NA	NA	Entamoebidae	Entamoeba	Entamoeba dispar
322104	Eukaryota	Fungi	Ascomycota	Saccharomycetes	Saccharomycetales	Debaryomycetaceae	Scheffersomyces	Scheffersomyces stipitis
679716	Eukaryota	NA	NA	NA	Kinetoplastida	Trypanosomatidae	Trypanosoma	Trypanosoma brucei
510951	Eukaryota	Fungi	Ascomycota	Sordariomycetes	Sordariales	Sordariaceae	Neurospora	Neurospora tetrasperma
70448	Eukaryota	Viridiplantae	Chlorophyta	Mamiellophyceae	Mamiellales	Bathycoccaceae	Ostreococcus	Ostreococcus tauri
578457	Eukaryota	Fungi	Basidiomycota	Agaricomycetes	Boletales	Serpulaceae	Serpula	Serpula lacrymans
336722	Eukaryota	Fungi	Ascomycota	Dothideomycetes	Capnodiales	Mycosphaerellaceae	Zymoseptoria	Zymoseptoria tritici
5932	Eukaryota	NA	NA	Oligohymenophorea	Hymenostomatida	NA	Ichthyophthirius	Ichthyophthirius multifiliis
759272	Eukaryota	Fungi	Ascomycota	Sordariomycetes	Sordariales	Chaetomiaceae	Chaetomium	Chaetomium thermophilum
590646	Eukaryota	Fungi	Ascomycota	Saccharomycetes	Saccharomycetales	Debaryomycetaceae	Yamadazyma	Yamadazyma tenuis
619300	Eukaryota	Fungi	Ascomycota	Saccharomycetes	Saccharomycetales	Debaryomycetaceae	Spathaspora	Spathaspora passalidarum
110365	Eukaryota	NA	Apicomplexa	Conoidasida	Eugregarinorida	Gregarinidae	Gregarina	Gregarina niphandrodes
756982	Eukaryota	Fungi	Ascomycota	Orbiliomycetes	Orbiliales	Orbiliaceae	Arthrobotrys	Arthrobotrys oligospora
983644	Eukaryota	Fungi	Ascomycota	Sordariomycetes	Hypocreales	Cordycipitaceae	Cordyceps	Cordyceps militaris
573729	Eukaryota	Fungi	Ascomycota	Sordariomycetes	Sordariales	Chaetomiaceae	Thermothelomyces	Thermothelomyces thermophila
578455	Eukaryota	Fungi	Ascomycota	Sordariomycetes	Sordariales	Chaetomiaceae	Thielavia	Thielavia terrestris
500485	Eukaryota	Fungi	Ascomycota	Eurotiomycetes	Eurotiales	Aspergillaceae	Penicillium	Penicillium rubens
515849	Eukaryota	Fungi	Ascomycota	Sordariomycetes	Sordariales	Lasiosphaeriaceae	Podospora	Podospora anserina
1071378	Eukaryota	Fungi	Ascomycota	Saccharomycetes	Saccharomycetales	Saccharomycetaceae	Naumovozyma	Naumovozyma dairenensis
5661	Eukaryota	NA	NA	NA	Kinetoplastida	Trypanosomatidae	Leishmania	Leishmania donovani
985895	Eukaryota	Fungi	Ascomycota	Dothideomycetes	Pleosporales	Leptosphaeriaceae	Leptosphaeria	Leptosphaeria maculans
858893	Eukaryota	Fungi	Ascomycota	Eurotiomycetes	Chaetothyriales	Herpotrichiellaceae	Exophiala	Exophiala dermatitidis
993615	Eukaryota	Fungi	Microsporidia	NA	NA	Nosematidae	Vittaforma	Vittaforma corneae
929439	Eukaryota	NA	NA	NA	Kinetoplastida	Trypanosomatidae	Leishmania	Leishmania mexicana
931890	Eukaryota	Fungi	Ascomycota	Saccharomycetes	Saccharomycetales	Saccharomycetaceae	Eremothecium	Eremothecium cymbalariae
1071381	Eukaryota	Fungi	Ascomycota	Saccharomycetes	Saccharomycetales	Saccharomycetaceae	Tetrapisispora	Tetrapisispora phaffii
1064592	Eukaryota	Fungi	Ascomycota	Saccharomycetes	Saccharomycetales	Saccharomycetaceae	Naumovozyma	Naumovozyma castellii
229533	Eukaryota	Fungi	Ascomycota	Sordariomycetes	Hypocreales	Nectriaceae	Fusarium	Fusarium graminearum
1093141	Eukaryota	NA	NA	Eustigmatophyceae	Eustigmatales	Monodopsidaceae	Nannochloropsis	Nannochloropsis gaditana
4950	Eukaryota	Fungi	Ascomycota	Saccharomycetes	Saccharomycetales	Saccharomycetaceae	Torulaspora	Torulaspora delbrueckii
761204	Eukaryota	NA	NA	Oomycetes	Peronosporales	Peronosporaceae	Phytophthora	Phytophthora parasitica
881290	Eukaryota	Fungi	Microsporidia	NA	NA	NA	Nematocida	Nematocida parisii
1076696	Eukaryota	NA	NA	NA	NA	Entamoebidae	Entamoeba	Entamoeba nuttalli
99158	Eukaryota	NA	Apicomplexa	Conoidasida	Eucoccidiorida	Sarcocystidae	Hammondia	Hammondia hammondi
574566	Eukaryota	Viridiplantae	Chlorophyta	Trebouxiophyceae	NA	Coccomyxaceae	Coccomyxa	Coccomyxa subellipsoidea
671144	Eukaryota	Fungi	Basidiomycota	Wallemiomycetes	Wallemiales	Wallemiaceae	Wallemia	Wallemia mellicola
721885	Eukaryota	Fungi	Basidiomycota	Agaricomycetes	Russulales	Stereaceae	Stereum	Stereum hirsutum
741275	Eukaryota	Fungi	Basidiomycota	Agaricomycetes	Corticiales	Punctulariaceae	Punctularia	Punctularia strigosozonata
717944	Eukaryota	Fungi	Basidiomycota	Agaricomycetes	Polyporales	Polyporaceae	Trametes	Trametes versicolor
694068	Eukaryota	Fungi	Basidiomycota	Agaricomycetes	Hymenochaetales	Hymenochaetaceae	Fomitiporia	Fomitiporia mediterranea
741705	Eukaryota	Fungi	Basidiomycota	Agaricomycetes	Boletales	Coniophoraceae	Coniophora	Coniophora puteana
578456	Eukaryota	Fungi	Basidiomycota	Tremellomycetes	Tremellales	Tremellaceae	Tremella	Tremella mesenterica
732165	Eukaryota	Fungi	Basidiomycota	Agaricomycetes	Polyporales	Polyporaceae	Dichomitus	Dichomitus squalens
907965	Eukaryota	Fungi	Microsporidia	NA	NA	Unikaryonidae	Encephalitozoon	Encephalitozoon hellem
1178016	Eukaryota	Fungi	Microsporidia	NA	NA	Unikaryonidae	Encephalitozoon	Encephalitozoon romaleae
655819	Eukaryota	Fungi	Ascomycota	Sordariomycetes	Hypocreales	Cordycipitaceae	Beauveria	Beauveria bassiana
1156394	Eukaryota	NA	NA	Oomycetes	Saprolegniales	Saprolegniaceae	Saprolegnia	Saprolegnia diclina
1168221	Eukaryota	Fungi	Ascomycota	Dothideomycetes	NA	NA	Coniosporium	Coniosporium apollinis
1186058	Eukaryota	Fungi	Basidiomycota	Tremellomycetes	Trichosporonales	Trichosporonaceae	Trichosporon	Trichosporon asahii
1072389	Eukaryota	Fungi	Ascomycota	Leotiomycetes	Helotiales	Dermateaceae	Marssonina	Marssonina brunnea
597362	Eukaryota	Fungi	Basidiomycota	Agaricomycetes	Agaricales	Agaricaceae	Agaricus	Agaricus bisporus
936046	Eukaryota	Fungi	Basidiomycota	Agaricomycetes	Agaricales	Agaricaceae	Agaricus	Agaricus bisporus
650164	Eukaryota	Fungi	Basidiomycota	Agaricomycetes	Polyporales	Phanerochaetaceae	Phanerochaete	Phanerochaete carnosa
1028729	Eukaryota	Fungi	Ascomycota	Sordariomycetes	Hypocreales	Nectriaceae	Fusarium	Fusarium pseudograminearum
1071382	Eukaryota	Fungi	Ascomycota	Saccharomycetes	Saccharomycetales	Saccharomycetaceae	Kazachstania	Kazachstania africana
1257118	Eukaryota	NA	NA	NA	Longamoebia	Acanthamoebidae	Acanthamoeba	Acanthamoeba castellanii
1041607	Eukaryota	Fungi	Ascomycota	Saccharomycetes	Saccharomycetales	Phaffomycetaceae	Wickerhamomyces	Wickerhamomyces ciferrii
599839	Eukaryota	Fungi	Basidiomycota	Agaricomycetes	Polyporales	NA	Fibroporia	Fibroporia radiculosa
905079	Eukaryota	NA	NA	NA	Pyrenomonadales	Geminigeraceae	Guillardia	Guillardia theta
1170230	Eukaryota	Fungi	Ascomycota	Eurotiomycetes	Eurotiales	Aspergillaceae	Penicillium	Penicillium digitatum
1136231	Eukaryota	Fungi	Ascomycota	Saccharomycetes	Saccharomycetales	Debaryomycetaceae	Candida	Candida orthopsilosis
1071380	Eukaryota	Fungi	Ascomycota	Saccharomycetes	Saccharomycetales	Saccharomycetaceae	Tetrapisispora	Tetrapisispora blattae
692275	Eukaryota	Fungi	Ascomycota	Dothideomycetes	Capnodiales	Mycosphaerellaceae	Sphaerulina	Sphaerulina musiva
747525	Eukaryota	Fungi	Basidiomycota	Agaricomycetes	Russulales	Bondarzewiaceae	Heterobasidion	Heterobasidion irregulare
1130832	Eukaryota	Fungi	Basidiomycota	Microbotryomycetes	Sporidiobolales	Sporidiobolaceae	Rhodotorula	Rhodotorula toruloides
1120755	Eukaryota	NA	Apicomplexa	Aconoidasida	Haemosporida	Plasmodiidae	Plasmodium	Plasmodium cynomolgi
237631	Eukaryota	Fungi	Basidiomycota	Ustilaginomycetes	Ustilaginales	Ustilaginaceae	Ustilago	Ustilago maydis
370355	Eukaryota	NA	NA	NA	NA	Entamoebidae	Entamoeba	Entamoeba invadens
717646	Eukaryota	Fungi	Ascomycota	Dothideomycetes	Capnodiales	Teratosphaeriaceae	Baudoinia	Baudoinia panamericana
665912	Eukaryota	Fungi	Ascomycota	Dothideomycetes	Pleosporales	Pleosporaceae	Bipolaris	Bipolaris sorokiniana
383855	Eukaryota	Fungi	Ascomycota	Dothideomycetes	Capnodiales	Mycosphaerellaceae	Pseudocercospora	Pseudocercospora fijiensis
130081	Eukaryota	NA	NA	Bangiophyceae	Cyanidiales	Cyanidiaceae	Galdieria	Galdieria sulphuraria
1537102	Eukaryota	NA	Apicomplexa	Aconoidasida	NA	Theileriidae	Theileria	Theileria equi
670483	Eukaryota	Fungi	Basidiomycota	Agaricomycetes	Gloeophyllales	Gloeophyllaceae	Gloeophyllum	Gloeophyllum trabeum
1071383	Eukaryota	Fungi	Ascomycota	Saccharomycetes	Saccharomycetales	Saccharomycetaceae	Kazachstania	Kazachstania naganishii
1069680	Eukaryota	Fungi	Ascomycota	Pneumocystidomycetes	Pneumocystidales	Pneumocystidaceae	Pneumocystis	Pneumocystis murina
1230383	Eukaryota	Fungi	Basidiomycota	Malasseziomycetes	Malasseziales	Malasseziaceae	Malassezia	Malassezia sympodialis
2769	Eukaryota	NA	NA	Florideophyceae	Gigartinales	Gigartinaceae	Chondrus	Chondrus crispus
665024	Eukaryota	Fungi	Ascomycota	Dothideomycetes	Pleosporales	Pleosporaceae	Bipolaris	Bipolaris maydis
671987	Eukaryota	Fungi	Ascomycota	Dothideomycetes	Pleosporales	Pleosporaceae	Exserohilum	Exserohilum turcicum
1220924	Eukaryota	Fungi	Ascomycota	Eurotiomycetes	Chaetothyriales	Cyphellophoraceae	Cyphellophora	Cyphellophora europaea
1279043	Eukaryota	Fungi	Ascomycota	Eurotiomycetes	Chaetothyriales	Herpotrichiellaceae	Cladophialophora	Cladophialophora carrionii
280463	Eukaryota	NA	NA	Haptophyceae	Isochrysidales	Noelaerhabdaceae	Emiliania	Emiliania huxleyi
691883	Eukaryota	NA	NA	NA	Fonticulida	Fonticulaceae	Fonticula	Fonticula alba
1286976	Eukaryota	Fungi	Ascomycota	Sordariomycetes	Togniniales	Togniniaceae	Phaeoacremonium	Phaeoacremonium minimum
1299270	Eukaryota	Fungi	Basidiomycota	Wallemiomycetes	Wallemiales	Wallemiaceae	Wallemia	Wallemia ichthyophaga
1305764	Eukaryota	Fungi	Basidiomycota	Ustilaginomycetes	Ustilaginales	Ustilaginaceae	Pseudozyma	Pseudozyma hubeiensis
1116229	Eukaryota	Fungi	Ascomycota	Leotiomycetes	Helotiales	Helotiaceae	Glarea	Glarea lozoyensis
1277687	Eukaryota	Fungi	Basidiomycota	Ustilaginomycetes	Ustilaginales	Ustilaginaceae	Anthracocystis	Anthracocystis flocculosa
747089	Eukaryota	Fungi	Mucoromycota	Glomeromycetes	Glomerales	Glomeraceae	Rhizophagus	Rhizophagus irregularis
1263415	Eukaryota	Fungi	Ascomycota	Eurotiomycetes	Verrucariales	Verrucariaceae	Endocarpon	Endocarpon pusillum
1365824	Eukaryota	Fungi	Basidiomycota	Ustilaginomycetes	Ustilaginales	Ustilaginaceae	Kalmanozyma	Kalmanozyma brasiliensis
51315	Eukaryota	NA	Apicomplexa	Conoidasida	Eucoccidiorida	Eimeriidae	Eimeria	Eimeria necatrix
5801	Eukaryota	NA	Apicomplexa	Conoidasida	Eucoccidiorida	Eimeriidae	Eimeria	Eimeria acervulina
5802	Eukaryota	NA	Apicomplexa	Conoidasida	Eucoccidiorida	Eimeriidae	Eimeria	Eimeria tenella
5804	Eukaryota	NA	Apicomplexa	Conoidasida	Eucoccidiorida	Eimeriidae	Eimeria	Eimeria maxima
44415	Eukaryota	NA	Apicomplexa	Conoidasida	Eucoccidiorida	Eimeriidae	Eimeria	Eimeria mitis
1296122	Eukaryota	Fungi	Basidiomycota	Tremellomycetes	Tremellales	Cryptococcaceae	Kwoniella	Kwoniella mangrovensis
1296121	Eukaryota	Fungi	Basidiomycota	Tremellomycetes	Tremellales	Cryptococcaceae	Kwoniella	Kwoniella dejecticola
1296100	Eukaryota	Fungi	Basidiomycota	Tremellomycetes	Tremellales	Cryptococcaceae	Kwoniella	Kwoniella bestiolae
1296096	Eukaryota	Fungi	Basidiomycota	Tremellomycetes	Tremellales	Cryptococcaceae	Kwoniella	Kwoniella pini
1229662	Eukaryota	Fungi	Ascomycota	Sordariomycetes	Xylariales	Sporocadaceae	Pestalotiopsis	Pestalotiopsis fici
112090	Eukaryota	NA	NA	Oomycetes	Saprolegniales	Saprolegniaceae	Aphanomyces	Aphanomyces astaci
157072	Eukaryota	NA	NA	Oomycetes	Saprolegniales	Saprolegniaceae	Aphanomyces	Aphanomyces invadans
930089	Eukaryota	Fungi	Ascomycota	Dothideomycetes	Pleosporales	Pleosporaceae	Bipolaris	Bipolaris zeicola
930090	Eukaryota	Fungi	Ascomycota	Dothideomycetes	Pleosporales	Pleosporaceae	Bipolaris	Bipolaris oryzae
1237626	Eukaryota	NA	Apicomplexa	Aconoidasida	Haemosporida	Plasmodiidae	Plasmodium	Plasmodium inui
930091	Eukaryota	Fungi	Ascomycota	Dothideomycetes	Pleosporales	Pleosporaceae	Bipolaris	Bipolaris victoriae
1382522	Eukaryota	Fungi	Ascomycota	Saccharomycetes	Saccharomycetales	NA	Kuraishia	Kuraishia capsulata
1182544	Eukaryota	Fungi	Ascomycota	Eurotiomycetes	Chaetothyriales	Herpotrichiellaceae	Cladophialophora	Cladophialophora yegresii
1182543	Eukaryota	Fungi	Ascomycota	Eurotiomycetes	Chaetothyriales	Herpotrichiellaceae	Cladophialophora	Cladophialophora psammophila
1182542	Eukaryota	Fungi	Ascomycota	Eurotiomycetes	Chaetothyriales	Herpotrichiellaceae	Capronia	Capronia epimyces
1182541	Eukaryota	Fungi	Ascomycota	Eurotiomycetes	Chaetothyriales	Herpotrichiellaceae	Capronia	Capronia coronata
145388	Eukaryota	Viridiplantae	Chlorophyta	Chlorophyceae	Sphaeropleales	Selenastraceae	Monoraphidium	Monoraphidium neglectum
71804	Eukaryota	NA	NA	NA	Kinetoplastida	Trypanosomatidae	Trypanosoma	Trypanosoma grayi
1133968	Eukaryota	NA	Apicomplexa	Aconoidasida	NA	Babesiidae	Babesia	Babesia microti
764103	Eukaryota	Fungi	Basidiomycota	Mixiomycetes	Mixiales	Mixiaceae	Mixia	Mixia osmundae
54757	Eukaryota	NA	Apicomplexa	Aconoidasida	Haemosporida	Plasmodiidae	Plasmodium	Plasmodium vinckei
1182545	Eukaryota	Fungi	Ascomycota	Eurotiomycetes	Chaetothyriales	Herpotrichiellaceae	Exophiala	Exophiala aquamarina
1037660	Eukaryota	Fungi	Basidiomycota	Exobasidiomycetes	Georgefischeriales	Tilletiariaceae	Tilletiaria	Tilletiaria anomala
1043005	Eukaryota	Fungi	Ascomycota	Dothideomycetes	Dothideales	Saccotheciaceae	Aureobasidium	Aureobasidium subglaciale
1043004	Eukaryota	Fungi	Ascomycota	Dothideomycetes	Dothideales	Saccotheciaceae	Aureobasidium	Aureobasidium namibiae
563466	Eukaryota	Fungi	Ascomycota	Sordariomycetes	Microascales	Microascaceae	Scedosporium	Scedosporium apiospermum
3075	Eukaryota	Viridiplantae	Chlorophyta	Trebouxiophyceae	Chlorellales	Chlorellaceae	Auxenochlorella	Auxenochlorella protothecoides
869250	Eukaryota	NA	Apicomplexa	Aconoidasida	NA	Theileriidae	Theileria	Theileria orientalis
944170	Eukaryota	NA	NA	NA	NA	NA	Blastocystis	Blastocystis sp. subtype 4
84753	Eukaryota	Fungi	Basidiomycota	Ustilaginomycetes	Ustilaginales	Ustilaginaceae	Moesziomyces	Moesziomyces antarcticus
5679	Eukaryota	NA	NA	NA	Kinetoplastida	Trypanosomatidae	Leishmania	Leishmania panamensis
1485682	Eukaryota	Fungi	Microsporidia	NA	NA	NA	Mitosporidium	Mitosporidium daphniae
27334	Eukaryota	Fungi	Ascomycota	Eurotiomycetes	Eurotiales	Aspergillaceae	Penicillium	Penicillium expansum
1410327	Eukaryota	NA	NA	NA	Acytosteliales	Acytosteliaceae	Acytostelium	Acytostelium subglobosum
1354746	Eukaryota	Fungi	Microsporidia	NA	NA	Ordosporidae	Ordospora	Ordospora colligata
1276141	Eukaryota	Fungi	Ascomycota	Sordariomycetes	Hypocreales	Clavicipitaceae	Metarhizium	Metarhizium brunneum
1442368	Eukaryota	Fungi	Ascomycota	Eurotiomycetes	Chaetothyriales	Herpotrichiellaceae	Fonsecaea	Fonsecaea pedrosoi
1442370	Eukaryota	Fungi	Ascomycota	Eurotiomycetes	Chaetothyriales	Herpotrichiellaceae	Cladophialophora	Cladophialophora bantiana
569365	Eukaryota	Fungi	Ascomycota	Eurotiomycetes	Chaetothyriales	Herpotrichiellaceae	Cladophialophora	Cladophialophora immunda
348802	Eukaryota	Fungi	Ascomycota	Eurotiomycetes	Chaetothyriales	Herpotrichiellaceae	Exophiala	Exophiala xenobiotica
215243	Eukaryota	Fungi	Ascomycota	Eurotiomycetes	Chaetothyriales	Herpotrichiellaceae	Exophiala	Exophiala oligosperma
1442369	Eukaryota	Fungi	Ascomycota	Eurotiomycetes	Chaetothyriales	Herpotrichiellaceae	Rhinocladiella	Rhinocladiella mackenziei
91928	Eukaryota	Fungi	Ascomycota	Eurotiomycetes	Chaetothyriales	Herpotrichiellaceae	Exophiala	Exophiala spinifera
212818	Eukaryota	Fungi	Ascomycota	Eurotiomycetes	Chaetothyriales	Herpotrichiellaceae	Exophiala	Exophiala mesophila
253628	Eukaryota	Fungi	Ascomycota	Dothideomycetes	Venturiales	Sympoventuriaceae	Verruconis	Verruconis gallopava
1442371	Eukaryota	Fungi	Ascomycota	Eurotiomycetes	Chaetothyriales	Herpotrichiellaceae	Fonsecaea	Fonsecaea multimorphosa
1245769	Eukaryota	Fungi	Ascomycota	Saccharomycetes	Saccharomycetales	Saccharomycetaceae	Lachancea	Lachancea lanzarotensis
5857	Eukaryota	NA	Apicomplexa	Aconoidasida	Haemosporida	Plasmodiidae	Plasmodium	Plasmodium fragile
1397361	Eukaryota	Fungi	Ascomycota	Sordariomycetes	Ophiostomatales	Ophiostomataceae	Sporothrix	Sporothrix schenckii
1408163	Eukaryota	Fungi	Ascomycota	Eurotiomycetes	Eurotiales	Trichocomaceae	Rasamsonia	Rasamsonia emersonii
5866	Eukaryota	NA	Apicomplexa	Aconoidasida	NA	Babesiidae	Babesia	Babesia bigemina
40302	Eukaryota	Fungi	Microsporidia	NA	NA	Nosematidae	Nosema	Nosema ceranae
879819	Eukaryota	Fungi	Basidiomycota	Tremellomycetes	Trichosporonales	Trichosporonaceae	Cutaneotrichosporon	Cutaneotrichosporon oleaginosum
667725	Eukaryota	NA	NA	Ichthyosporea	Ichthyophonida	NA	Sphaeroforma	Sphaeroforma arctica
498019	Eukaryota	Fungi	Ascomycota	Saccharomycetes	Saccharomycetales	Metschnikowiaceae	Clavispora	[Candida] auris
1509407	Eukaryota	Fungi	Ascomycota	Eurotiomycetes	Eurotiales	Aspergillaceae	Aspergillus	Aspergillus nomius
77020	Eukaryota	Fungi	Basidiomycota	Malasseziomycetes	Malasseziales	Malasseziaceae	Malassezia	Malassezia pachydermatis
157538	Eukaryota	NA	NA	NA	Kinetoplastida	Trypanosomatidae	Leptomonas	Leptomonas pyrrhocoris
1080349	Eukaryota	Fungi	Ascomycota	Saccharomycetes	Saccharomycetales	Saccharomycetaceae	Saccharomyces	Saccharomyces eubayanus
1664694	Eukaryota	Fungi	Ascomycota	Eurotiomycetes	Chaetothyriales	Herpotrichiellaceae	Phialophora	Phialophora attae
578459	Eukaryota	Fungi	Basidiomycota	Microbotryomycetes	Sporidiobolales	Sporidiobolaceae	Rhodotorula	Rhodotorula graminis
1003335	Eukaryota	Fungi	Ascomycota	Saccharomycetes	Saccharomycetales	Saccharomycetaceae	Kluyveromyces	Kluyveromyces marxianus
58627	Eukaryota	Fungi	Ascomycota	Saccharomycetes	Saccharomycetales	Debaryomycetaceae	Debaryomyces	Debaryomyces fabryi
1408657	Eukaryota	Fungi	Ascomycota	Pneumocystidomycetes	Pneumocystidales	Pneumocystidaceae	Pneumocystis	Pneumocystis jirovecii
1408658	Eukaryota	Fungi	Ascomycota	Pneumocystidomycetes	Pneumocystidales	Pneumocystidaceae	Pneumocystis	Pneumocystis carinii
398673	Eukaryota	Fungi	Ascomycota	Sordariomycetes	Hypocreales	Hypocreaceae	Trichoderma	Trichoderma gamsii
149040	Eukaryota	Fungi	Ascomycota	Leotiomycetes	Helotiales	NA	Phialocephala	Phialocephala scopiformis
45286	Eukaryota	Fungi	Ascomycota	Saccharomycetes	Saccharomycetales	Saccharomycetaceae	Eremothecium	Eremothecium sinecaudum
5854	Eukaryota	NA	Apicomplexa	Aconoidasida	Haemosporida	Plasmodiidae	Plasmodium	Plasmodium reichenowi
647221	Eukaryota	NA	Apicomplexa	Aconoidasida	Haemosporida	Plasmodiidae	Plasmodium	Plasmodium gaboni
1328760	Eukaryota	Fungi	Ascomycota	Xylonomycetes	Xylonales	Xylonaceae	Xylona	Xylona heveae
1081104	Eukaryota	Fungi	Ascomycota	Sordariomycetes	Hypocreales	Cordycipitaceae	Cordyceps	Cordyceps fumosorosea
763407	Eukaryota	Fungi	Mucoromycota	Mucoromycetes	Mucorales	Phycomycetaceae	Phycomyces	Phycomyces blakesleeanus
796027	Eukaryota	Fungi	Ascomycota	Saccharomycetes	Saccharomycetales	Trichomonascaceae	Sugiyamaella	Sugiyamaella lignohabitans
655981	Eukaryota	Fungi	Ascomycota	Leotiomycetes	NA	Pseudeurotiaceae	Pseudogymnoascus	Pseudogymnoascus destructans
1460663	Eukaryota	Fungi	Ascomycota	Dothideomycetes	Pleosporales	Didymosphaeriaceae	Paraphaeosphaeria	Paraphaeosphaeria sporulosa
5599	Eukaryota	Fungi	Ascomycota	Dothideomycetes	Pleosporales	Pleosporaceae	Alternaria	Alternaria alternata
254056	Eukaryota	Fungi	Ascomycota	Eurotiomycetes	Chaetothyriales	Herpotrichiellaceae	Fonsecaea	Fonsecaea monophora
856822	Eukaryota	Fungi	Ascomycota	Eurotiomycetes	Chaetothyriales	Herpotrichiellaceae	Fonsecaea	Fonsecaea nubica
1367422	Eukaryota	Fungi	Ascomycota	Eurotiomycetes	Chaetothyriales	Herpotrichiellaceae	Fonsecaea	Fonsecaea erecta
1380566	Eukaryota	Fungi	Ascomycota	Sordariomycetes	Hypocreales	Clavicipitaceae	Pochonia	Pochonia chlamydosporia
33203	Eukaryota	Fungi	Ascomycota	Sordariomycetes	Hypocreales	Ophiocordycipitaceae	Purpureocillium	Purpureocillium lilacinum
763406	Eukaryota	Fungi	Ascomycota	Saccharomycetes	Saccharomycetales	Pichiaceae	Pichia	Pichia membranifaciens
683960	Eukaryota	Fungi	Ascomycota	Saccharomycetes	Saccharomycetales	Phaffomycetaceae	Wickerhamomyces	Wickerhamomyces anomalus
698492	Eukaryota	Fungi	Ascomycota	NA	NA	NA	Saitoella	Saitoella complicata
984486	Eukaryota	Fungi	Ascomycota	Saccharomycetes	Saccharomycetales	Debaryomycetaceae	Babjeviella	Babjeviella inositovora
1344418	Eukaryota	Fungi	Ascomycota	Saccharomycetes	Saccharomycetales	Ascoideaceae	Ascoidea	Ascoidea rubescens
984485	Eukaryota	Fungi	Ascomycota	Saccharomycetes	Saccharomycetales	Debaryomycetaceae	Hyphopichia	Hyphopichia burtonii
983966	Eukaryota	Fungi	Ascomycota	Saccharomycetes	Saccharomycetales	Phaffomycetaceae	Cyberlindnera	Cyberlindnera jadinii
984487	Eukaryota	Fungi	Ascomycota	Saccharomycetes	Saccharomycetales	Debaryomycetaceae	Suhomyces	Suhomyces tanzawaensis
342668	Eukaryota	Fungi	Ascomycota	Leotiomycetes	NA	Pseudeurotiaceae	Pseudogymnoascus	Pseudogymnoascus verrucosus
869754	Eukaryota	Fungi	Ascomycota	Saccharomycetes	Saccharomycetales	Metschnikowiaceae	Metschnikowia	Metschnikowia bicuspidata
460523	Eukaryota	Fungi	Ascomycota	Saccharomycetes	Saccharomycetales	Pichiaceae	Ogataea	Ogataea polymorpha
759273	Eukaryota	Fungi	Ascomycota	Sordariomycetes	Glomerellales	Glomerellaceae	Colletotrichum	Colletotrichum higginsianum
208452	Eukaryota	NA	Apicomplexa	Aconoidasida	Haemosporida	Plasmodiidae	Plasmodium	Plasmodium coatneyi
1295528	Eukaryota	Fungi	Basidiomycota	Tremellomycetes	Tremellales	Cryptococcaceae	Tsuchiyaea	Tsuchiyaea wingfieldii
1295533	Eukaryota	Fungi	Basidiomycota	Tremellomycetes	Tremellales	Cryptococcaceae	Cryptococcus	Cryptococcus amylolentus
1835702	Eukaryota	Fungi	Ascomycota	Eurotiomycetes	Eurotiales	Aspergillaceae	Penicillium	Penicillium arizonense
109264	Eukaryota	Fungi	Ascomycota	Eurotiomycetes	Eurotiales	Aspergillaceae	Aspergillus	Aspergillus bombycis
1209926	Eukaryota	Fungi	Ascomycota	Sordariomycetes	Glomerellales	Glomerellaceae	Colletotrichum	Colletotrichum orchidophilum
236234	Eukaryota	Fungi	Ascomycota	Dothideomycetes	Botryosphaeriales	Botryosphaeriaceae	Diplodia	Diplodia corticola
1073090	Eukaryota	Fungi	Ascomycota	Eurotiomycetes	Eurotiales	Aspergillaceae	Penicilliopsis	Penicilliopsis zonata
1160497	Eukaryota	Fungi	Ascomycota	Eurotiomycetes	Eurotiales	Aspergillaceae	Aspergillus	Aspergillus glaucus
690307	Eukaryota	Fungi	Ascomycota	Eurotiomycetes	Eurotiales	Aspergillaceae	Aspergillus	Aspergillus aculeatus
1441469	Eukaryota	Fungi	Ascomycota	Eurotiomycetes	Eurotiales	Trichocomaceae	Talaromyces	Talaromyces atroroseus
4909	Eukaryota	Fungi	Ascomycota	Saccharomycetes	Saccharomycetales	Pichiaceae	Pichia	Pichia kudriavzevii
4999	Eukaryota	Fungi	Basidiomycota	Tremellomycetes	Tremellales	Cuniculitremaceae	Kockovaella	Kockovaella imperatae
64571	Eukaryota	Fungi	Mucoromycota	Mortierellomycetes	Mortierellales	Mortierellaceae	Lobosporangium	Lobosporangium transversale
670580	Eukaryota	Fungi	Basidiomycota	Agaricomycetes	Polyporales	Dacryobolaceae	Postia	Postia placenta
41875	Eukaryota	Viridiplantae	Chlorophyta	Mamiellophyceae	Mamiellales	Bathycoccaceae	Bathycoccus	Bathycoccus prasinos
41047	Eukaryota	Fungi	Ascomycota	Eurotiomycetes	Eurotiales	Aspergillaceae	Aspergillus	Aspergillus thermomutatus
45607	Eukaryota	Fungi	Ascomycota	Saccharomycetes	Saccharomycetales	Trichomonascaceae	Wickerhamiella	Wickerhamiella sorbophila
1340429	Eukaryota	Fungi	Mucoromycota	Mucoromycetes	Mucorales	Rhizopodaceae	Rhizopus	Rhizopus microsporus
122368	Eukaryota	Fungi	Ascomycota	Dothideomycetes	Capnodiales	Mycosphaerellaceae	Cercospora	Cercospora beticola
41067	Eukaryota	Fungi	Ascomycota	Eurotiomycetes	Eurotiales	Aspergillaceae	Aspergillus	Aspergillus candidus
1392255	Eukaryota	Fungi	Ascomycota	Eurotiomycetes	Eurotiales	Aspergillaceae	Aspergillus	Aspergillus novofumigatus
1392248	Eukaryota	Fungi	Ascomycota	Eurotiomycetes	Eurotiales	Aspergillaceae	Aspergillus	Aspergillus campestris
1392250	Eukaryota	Fungi	Ascomycota	Eurotiomycetes	Eurotiales	Aspergillaceae	Aspergillus	Aspergillus steynii
1095630	Eukaryota	Fungi	Ascomycota	Leotiomycetes	Helotiales	Helotiaceae	Meliniomyces	Meliniomyces bicolor
88456	Eukaryota	NA	Apicomplexa	Conoidasida	Eucoccidiorida	Eimeriidae	Cyclospora	Cyclospora cayetanensis
418784	Eukaryota	Fungi	Ascomycota	Saccharomycetes	Saccharomycetales	Metschnikowiaceae	Clavispora	[Candida] pseudohaemulonis
857342	Eukaryota	Fungi	Ascomycota	Leotiomycetes	NA	Myxotrichaceae	Amorphotheca	Amorphotheca resinae
983964	Eukaryota	Fungi	Ascomycota	Sordariomycetes	Hypocreales	Hypocreaceae	Trichoderma	Trichoderma harzianum
1042311	Eukaryota	Fungi	Ascomycota	Sordariomycetes	Hypocreales	Hypocreaceae	Trichoderma	Trichoderma asperellum
58853	Eukaryota	Fungi	Ascomycota	Sordariomycetes	Hypocreales	Hypocreaceae	Trichoderma	Trichoderma citrinoviride
58919	Eukaryota	Fungi	Basidiomycota	Exobasidiomycetes	Entylomatales	NA	Tilletiopsis	Tilletiopsis washingtonensis
1684307	Eukaryota	Fungi	Basidiomycota	Exobasidiomycetes	Microstromatales	NA	Pseudomicrostroma	Pseudomicrostroma glucosiphilum
1522189	Eukaryota	Fungi	Basidiomycota	Exobasidiomycetes	Ceraceosorales	Ceraceosoraceae	Ceraceosorus	Ceraceosorus guamensis
1280837	Eukaryota	Fungi	Basidiomycota	Exobasidiomycetes	Exobasidiales	Brachybasidiaceae	Meira	Meira miltonrushii
1569628	Eukaryota	Fungi	Basidiomycota	Exobasidiomycetes	Microstromatales	NA	Jaminaea	Jaminaea rosea
215250	Eukaryota	Fungi	Basidiomycota	Exobasidiomycetes	Exobasidiales	Cryptobasidiaceae	Acaromyces	Acaromyces ingoldii
1450535	Eukaryota	Fungi	Ascomycota	Eurotiomycetes	Eurotiales	Aspergillaceae	Aspergillus	Aspergillus sclerotioniger
1448314	Eukaryota	Fungi	Ascomycota	Eurotiomycetes	Eurotiales	Aspergillaceae	Aspergillus	Aspergillus eucalypticola
1448321	Eukaryota	Fungi	Ascomycota	Eurotiomycetes	Eurotiales	Aspergillaceae	Aspergillus	Aspergillus heteromorphus
1450539	Eukaryota	Fungi	Ascomycota	Eurotiomycetes	Eurotiales	Aspergillaceae	Aspergillus	Aspergillus saccharolyticus
1450533	Eukaryota	Fungi	Ascomycota	Eurotiomycetes	Eurotiales	Aspergillaceae	Aspergillus	Aspergillus lacticoffeatus
1448310	Eukaryota	Fungi	Ascomycota	Eurotiomycetes	Eurotiales	Aspergillaceae	Aspergillus	Aspergillus neoniger
1450534	Eukaryota	Fungi	Ascomycota	Eurotiomycetes	Eurotiales	Aspergillaceae	Aspergillus	Aspergillus brunneoviolaceus
1448315	Eukaryota	Fungi	Ascomycota	Eurotiomycetes	Eurotiales	Aspergillaceae	Aspergillus	Aspergillus uvarum
1448313	Eukaryota	Fungi	Ascomycota	Eurotiomycetes	Eurotiales	Aspergillaceae	Aspergillus	Aspergillus piperis
1448322	Eukaryota	Fungi	Ascomycota	Eurotiomycetes	Eurotiales	Aspergillaceae	Aspergillus	Aspergillus aculeatinus
1448312	Eukaryota	Fungi	Ascomycota	Eurotiomycetes	Eurotiales	Aspergillaceae	Aspergillus	Aspergillus japonicus
1448317	Eukaryota	Fungi	Ascomycota	Eurotiomycetes	Eurotiales	Aspergillaceae	Aspergillus	Aspergillus costaricaensis
1448316	Eukaryota	Fungi	Ascomycota	Eurotiomycetes	Eurotiales	Aspergillaceae	Aspergillus	Aspergillus ibericus
1450537	Eukaryota	Fungi	Ascomycota	Eurotiomycetes	Eurotiales	Aspergillaceae	Aspergillus	Aspergillus homomorphus
1448311	Eukaryota	Fungi	Ascomycota	Eurotiomycetes	Eurotiales	Aspergillaceae	Aspergillus	Aspergillus vadensis
5486	Eukaryota	Fungi	Ascomycota	Saccharomycetes	Saccharomycetales	Debaryomycetaceae	Candida	Candida viswanathii
1341132	Eukaryota	Fungi	Ascomycota	Eurotiomycetes	Eurotiales	Aspergillaceae	Aspergillus	Aspergillus welwitschiae
1810919	Eukaryota	Fungi	Ascomycota	Eurotiomycetes	Eurotiales	Aspergillaceae	Aspergillus	Aspergillus mulundensis
4781	Eukaryota	NA	NA	Oomycetes	Peronosporales	Peronosporaceae	Plasmopara	Plasmopara halstedii
31271	Eukaryota	NA	Apicomplexa	Aconoidasida	Haemosporida	Plasmodiidae	Plasmodium	Plasmodium chabaudi
5823	Eukaryota	NA	Apicomplexa	Aconoidasida	Haemosporida	Plasmodiidae	Plasmodium	Plasmodium berghei
5861	Eukaryota	NA	Apicomplexa	Aconoidasida	Haemosporida	Plasmodiidae	Plasmodium	Plasmodium yoelii
56646	Eukaryota	Fungi	Ascomycota	Sordariomycetes	Hypocreales	Nectriaceae	Fusarium	Fusarium venenatum
112498	Eukaryota	Fungi	Ascomycota	Dothideomycetes	Capnodiales	Mycosphaerellaceae	Ramularia	Ramularia collo-cygni
1279085	Eukaryota	Fungi	Ascomycota	Sordariomycetes	Hypocreales	Nectriaceae	Fusarium	Fusarium fujikuroi
